{"RuleTriggered": 0, "Violations": 266, "Details": {"low_gpu_utilization": 824, "bottlenecks": {"1657364441.511169": {"GPUs": 1, "CPUs": 2}, "1657364442.006644": {"GPUs": 1, "CPUs": 4}, "1657364444.009892": {"GPUs": 1, "CPUs": 1}, "1657364445.005435": {"GPUs": 1, "CPUs": 1}, "1657364461.005407": {"GPUs": 1, "CPUs": 2}, "1657364461.507318": {"GPUs": 1, "CPUs": 3}, "1657364462.50544": {"GPUs": 1, "CPUs": 1}, "1657364464.006973": {"GPUs": 1, "CPUs": 1}, "1657364464.505398": {"GPUs": 1, "CPUs": 1}, "1657364465.506819": {"GPUs": 1, "CPUs": 1}, "1657364466.005465": {"GPUs": 1, "CPUs": 1}, "1657364467.010175": {"GPUs": 1, "CPUs": 1}, "1657364472.00542": {"GPUs": 1, "CPUs": 2}, "1657364476.007168": {"GPUs": 1, "CPUs": 1}, "1657364480.009108": {"GPUs": 1, "CPUs": 4}, "1657364480.50541": {"GPUs": 1, "CPUs": 4}, "1657364481.005404": {"GPUs": 1, "CPUs": 1}, "1657364513.505436": {"GPUs": 1, "CPUs": 1}, "1657364521.507574": {"GPUs": 1, "CPUs": 1}, "1657364550.505435": {"GPUs": 1, "CPUs": 1}, "1657364555.005434": {"GPUs": 1, "CPUs": 2}, "1657364555.506288": {"GPUs": 1, "CPUs": 3}, "1657364556.005426": {"GPUs": 1, "CPUs": 1}, "1657364556.505414": {"GPUs": 1, "CPUs": 2}, "1657364557.00542": {"GPUs": 1, "CPUs": 1}, "1657364565.505406": {"GPUs": 1, "CPUs": 2}, "1657364566.005405": {"GPUs": 1, "CPUs": 2}, "1657364566.505453": {"GPUs": 1, "CPUs": 2}, "1657364569.505395": {"GPUs": 1, "CPUs": 1}, "1657364570.005436": {"GPUs": 1, "CPUs": 1}, "1657364570.505812": {"GPUs": 1, "CPUs": 1}, "1657364571.005403": {"GPUs": 1, "CPUs": 1}, "1657364571.505412": {"GPUs": 1, "CPUs": 1}, "1657364572.005435": {"GPUs": 1, "CPUs": 1}, "1657364572.505407": {"GPUs": 1, "CPUs": 1}, "1657364573.005432": {"GPUs": 1, "CPUs": 1}, "1657364573.50544": {"GPUs": 1, "CPUs": 1}, "1657364574.00543": {"GPUs": 1, "CPUs": 1}, "1657364574.505424": {"GPUs": 1, "CPUs": 1}, "1657364575.005413": {"GPUs": 1, "CPUs": 1}, "1657364575.505403": {"GPUs": 1, "CPUs": 1}, "1657364576.005405": {"GPUs": 1, "CPUs": 1}, "1657364576.50635": {"GPUs": 1, "CPUs": 1}, "1657364581.506266": {"GPUs": 1, "CPUs": 1}, "1657364586.005412": {"GPUs": 1, "CPUs": 2}, "1657364586.505412": {"GPUs": 1, "CPUs": 1}, "1657364587.005401": {"GPUs": 1, "CPUs": 1}, "1657364587.505407": {"GPUs": 1, "CPUs": 1}, "1657364588.006071": {"GPUs": 1, "CPUs": 1}, "1657364588.505428": {"GPUs": 1, "CPUs": 1}, "1657364589.005419": {"GPUs": 1, "CPUs": 1}, "1657364589.505407": {"GPUs": 1, "CPUs": 1}, "1657364591.005407": {"GPUs": 1, "CPUs": 1}, "1657364591.505409": {"GPUs": 1, "CPUs": 1}, "1657364592.006008": {"GPUs": 1, "CPUs": 1}, "1657364592.505447": {"GPUs": 1, "CPUs": 2}, "1657364593.005736": {"GPUs": 1, "CPUs": 2}, "1657364593.505493": {"GPUs": 1, "CPUs": 2}, "1657364594.005644": {"GPUs": 1, "CPUs": 2}, "1657364594.505577": {"GPUs": 1, "CPUs": 1}, "1657364595.006916": {"GPUs": 1, "CPUs": 1}, "1657364595.50542": {"GPUs": 1, "CPUs": 1}, "1657364596.005404": {"GPUs": 1, "CPUs": 1}, "1657364596.505433": {"GPUs": 1, "CPUs": 1}, "1657364604.011194": {"GPUs": 1, "CPUs": 1}, "1657364604.505422": {"GPUs": 1, "CPUs": 2}, "1657364605.005789": {"GPUs": 1, "CPUs": 2}, "1657364605.505444": {"GPUs": 1, "CPUs": 3}, "1657364606.006166": {"GPUs": 1, "CPUs": 2}, "1657364608.005727": {"GPUs": 1, "CPUs": 2}, "1657364608.505421": {"GPUs": 1, "CPUs": 3}, "1657364609.005624": {"GPUs": 1, "CPUs": 2}, "1657364609.505465": {"GPUs": 1, "CPUs": 2}, "1657364610.005415": {"GPUs": 1, "CPUs": 2}, "1657364610.505419": {"GPUs": 1, "CPUs": 2}, "1657364611.005394": {"GPUs": 1, "CPUs": 2}, "1657364611.506221": {"GPUs": 1, "CPUs": 3}, "1657364612.005397": {"GPUs": 1, "CPUs": 2}, "1657364612.50572": {"GPUs": 1, "CPUs": 2}, "1657364613.00542": {"GPUs": 1, "CPUs": 2}, "1657364613.505419": {"GPUs": 1, "CPUs": 2}, "1657364614.005406": {"GPUs": 1, "CPUs": 2}, "1657364614.505414": {"GPUs": 1, "CPUs": 1}, "1657364615.005423": {"GPUs": 1, "CPUs": 1}, "1657364615.505384": {"GPUs": 1, "CPUs": 1}, "1657364616.005418": {"GPUs": 1, "CPUs": 1}, "1657364616.505444": {"GPUs": 1, "CPUs": 1}, "1657364623.005399": {"GPUs": 1, "CPUs": 2}, "1657364623.505438": {"GPUs": 1, "CPUs": 2}, "1657364624.005412": {"GPUs": 1, "CPUs": 2}, "1657364624.505399": {"GPUs": 1, "CPUs": 2}, "1657364625.005787": {"GPUs": 1, "CPUs": 2}, "1657364625.505416": {"GPUs": 1, "CPUs": 2}, "1657364626.006287": {"GPUs": 1, "CPUs": 1}, "1657364628.505436": {"GPUs": 1, "CPUs": 1}, "1657364629.00542": {"GPUs": 1, "CPUs": 1}, "1657364629.506181": {"GPUs": 1, "CPUs": 1}, "1657364630.005416": {"GPUs": 1, "CPUs": 1}, "1657364630.505872": {"GPUs": 1, "CPUs": 1}, "1657364631.006176": {"GPUs": 1, "CPUs": 1}, "1657364631.50542": {"GPUs": 1, "CPUs": 1}, "1657364632.005416": {"GPUs": 1, "CPUs": 1}, "1657364632.506062": {"GPUs": 1, "CPUs": 1}, "1657364633.005416": {"GPUs": 1, "CPUs": 1}, "1657364633.505424": {"GPUs": 1, "CPUs": 1}, "1657364634.005422": {"GPUs": 1, "CPUs": 1}, "1657364634.505431": {"GPUs": 1, "CPUs": 1}, "1657364635.005431": {"GPUs": 1, "CPUs": 1}, "1657364635.505415": {"GPUs": 1, "CPUs": 1}, "1657364642.005642": {"GPUs": 1, "CPUs": 3}, "1657364644.505404": {"GPUs": 1, "CPUs": 1}, "1657364645.005416": {"GPUs": 1, "CPUs": 1}, "1657364646.005971": {"GPUs": 1, "CPUs": 1}, "1657364652.005422": {"GPUs": 1, "CPUs": 2}, "1657364653.005404": {"GPUs": 1, "CPUs": 1}, "1657364653.505446": {"GPUs": 1, "CPUs": 1}, "1657364654.505416": {"GPUs": 1, "CPUs": 2}, "1657364655.005401": {"GPUs": 1, "CPUs": 2}, "1657364655.505423": {"GPUs": 1, "CPUs": 2}, "1657364656.006218": {"GPUs": 1, "CPUs": 2}, "1657364656.505432": {"GPUs": 1, "CPUs": 2}, "1657364657.005391": {"GPUs": 1, "CPUs": 2}, "1657364657.505397": {"GPUs": 1, "CPUs": 1}, "1657364658.005428": {"GPUs": 1, "CPUs": 2}, "1657364658.505648": {"GPUs": 1, "CPUs": 2}, "1657364659.005419": {"GPUs": 1, "CPUs": 1}, "1657364665.506119": {"GPUs": 1, "CPUs": 1}, "1657364666.005429": {"GPUs": 1, "CPUs": 1}, "1657364666.505416": {"GPUs": 1, "CPUs": 1}, "1657364667.005397": {"GPUs": 1, "CPUs": 1}, "1657364667.505425": {"GPUs": 1, "CPUs": 1}, "1657364672.505412": {"GPUs": 1, "CPUs": 1}, "1657364673.005427": {"GPUs": 1, "CPUs": 1}, "1657364673.506147": {"GPUs": 1, "CPUs": 2}, "1657364674.005421": {"GPUs": 1, "CPUs": 2}, "1657364674.505423": {"GPUs": 1, "CPUs": 1}, "1657364679.005452": {"GPUs": 1, "CPUs": 1}, "1657364690.505423": {"GPUs": 1, "CPUs": 1}, "1657364691.505458": {"GPUs": 1, "CPUs": 1}, "1657364692.005424": {"GPUs": 1, "CPUs": 1}, "1657364692.505425": {"GPUs": 1, "CPUs": 1}, "1657364693.005424": {"GPUs": 1, "CPUs": 1}, "1657364699.5054": {"GPUs": 1, "CPUs": 1}, "1657364700.005386": {"GPUs": 1, "CPUs": 1}, "1657364700.50543": {"GPUs": 1, "CPUs": 1}, "1657364701.005383": {"GPUs": 1, "CPUs": 1}, "1657364701.505419": {"GPUs": 1, "CPUs": 1}, "1657364702.005403": {"GPUs": 1, "CPUs": 2}, "1657364702.505418": {"GPUs": 1, "CPUs": 2}, "1657364703.005843": {"GPUs": 1, "CPUs": 1}, "1657364703.505451": {"GPUs": 1, "CPUs": 1}, "1657364704.005407": {"GPUs": 1, "CPUs": 1}, "1657364704.505417": {"GPUs": 1, "CPUs": 2}, "1657364705.005402": {"GPUs": 1, "CPUs": 2}, "1657364705.505407": {"GPUs": 1, "CPUs": 2}, "1657364706.005414": {"GPUs": 1, "CPUs": 2}, "1657364706.505407": {"GPUs": 1, "CPUs": 2}, "1657364707.005434": {"GPUs": 1, "CPUs": 2}, "1657364707.5054": {"GPUs": 1, "CPUs": 2}, "1657364708.005436": {"GPUs": 1, "CPUs": 2}, "1657364708.505406": {"GPUs": 1, "CPUs": 2}, "1657364709.005416": {"GPUs": 1, "CPUs": 2}, "1657364709.505437": {"GPUs": 1, "CPUs": 2}, "1657364712.006567": {"GPUs": 1, "CPUs": 1}, "1657364713.005588": {"GPUs": 1, "CPUs": 1}, "1657364728.005405": {"GPUs": 1, "CPUs": 1}, "1657364729.006081": {"GPUs": 1, "CPUs": 1}, "1657364729.505405": {"GPUs": 1, "CPUs": 1}, "1657364730.005437": {"GPUs": 1, "CPUs": 1}, "1657364730.50562": {"GPUs": 1, "CPUs": 1}, "1657364736.006379": {"GPUs": 1, "CPUs": 1}, "1657364747.005424": {"GPUs": 1, "CPUs": 1}, "1657364747.505418": {"GPUs": 1, "CPUs": 1}, "1657364750.015252": {"GPUs": 1, "CPUs": 1}, "1657364753.005425": {"GPUs": 1, "CPUs": 1}, "1657364762.019158": {"GPUs": 1, "CPUs": 2},