{"RuleTriggered": 0, "Violations": 0, "Details": {"pin_memory": false, "num_workers": 0, "cores": 4, "dataloaders": 1, "dataloading_time": {"p25": 0.53537025, "p50": 0.5579035, "p95": 0.6981622499999999, "probs": [2, 0, 0, 0, 0, 0, 0, 2, 0, 0, 0, 0, 1, 0, 0, 0, 0, 0, 0, 0, 0, 1, 0, 0, 0, 0, 1, 0, 0, 0, 0, 0, 0, 0, 0, 0, 0, 0, 0, 0, 0, 0, 0, 0, 0, 0, 0, 0, 0, 0, 0, 0, 0, 2, 0, 0, 0, 0, 0, 0, 0, 0, 0, 0, 0, 0, 0, 0, 0, 0, 0, 0, 0, 0, 0, 0, 0, 0, 0, 0, 0, 0, 0, 0, 0, 0, 0, 0, 0, 0, 0, 0, 0, 0, 0, 0, 0, 0, 0, 1], "binedges": [0.518328, 0.52059972, 0.52287144, 0.52514316, 0.52741488, 0.5296866, 0.53195832, 0.53423004, 0.53650176, 0.53877348, 0.5410452, 0.54331692, 0.5455886400000001, 0.54786036, 0.55013208, 0.5524038, 0.55467552, 0.5569472400000001, 0.55921896, 0.56149068, 0.5637624, 0.56603412, 0.5683058400000001, 0.57057756, 0.57284928, 0.575121, 0.57739272, 0.5796644400000001, 0.58193616, 0.58420788, 0.5864796, 0.5887513200000001, 0.59102304, 0.59329476, 0.59556648, 0.5978382, 0.6001099200000001, 0.60238164, 0.60465336, 0.60692508, 0.6091968000000001, 0.6114685200000001, 0.61374024, 0.61601196, 0.61828368, 0.6205554, 0.6228271200000001, 0.62509884, 0.62737056, 0.62964228, 0.6319140000000001, 0.6341857200000001, 0.63645744, 0.63872916, 0.64100088, 0.6432726000000001, 0.6455443200000001, 0.64781604, 0.65008776, 0.6523594800000001, 0.6546312000000001, 0.6569029200000001, 0.65917464, 0.66144636, 0.66371808, 0.6659898000000001, 0.66826152, 0.67053324, 0.67280496, 0.6750766800000001, 0.6773484000000001, 0.67962012, 0.68189184, 0.68416356, 0.68643528, 0.6887070000000001, 0.69097872, 0.69325044, 0.6955221600000001, 0.6977938800000001, 0.7000656000000001, 0.70233732, 0.70460904, 0.70688076, 0.7091524800000001, 0.7114242000000001, 0.71369592, 0.71596764, 0.7182393600000001, 0.7205110800000001, 0.7227828000000001, 0.72505452, 0.72732624, 0.72959796, 0.7318696800000001, 0.7341414, 0.73641312, 0.7386848400000001, 0.7409565600000001, 0.7432282800000001, 0.7455]}}, "Datapoints": 10, "RuleParameters": "min_threshold:70\nmax_threshold:200"}