{"RuleTriggered": 0, "Violations": 98, "Details": {"low_gpu_utilization": 824, "bottlenecks": {"1657364565.505406": {"GPUs": 1, "CPUs": 2}, "1657364566.005405": {"GPUs": 1, "CPUs": 2}, "1657364566.505453": {"GPUs": 1, "CPUs": 2}, "1657364570.005436": {"GPUs": 1, "CPUs": 1}, "1657364570.505812": {"GPUs": 1, "CPUs": 1}, "1657364571.005403": {"GPUs": 1, "CPUs": 1}, "1657364571.505412": {"GPUs": 1, "CPUs": 1}, "1657364572.005435": {"GPUs": 1, "CPUs": 1}, "1657364572.505407": {"GPUs": 1, "CPUs": 1}, "1657364573.005432": {"GPUs": 1, "CPUs": 1}, "1657364573.50544": {"GPUs": 1, "CPUs": 1}, "1657364574.00543": {"GPUs": 1, "CPUs": 1}, "1657364574.505424": {"GPUs": 1, "CPUs": 1}, "1657364575.005413": {"GPUs": 1, "CPUs": 1}, "1657364575.505403": {"GPUs": 1, "CPUs": 1}, "1657364576.005405": {"GPUs": 1, "CPUs": 1}, "1657364587.005401": {"GPUs": 1, "CPUs": 1}, "1657364587.505407": {"GPUs": 1, "CPUs": 1}, "1657364588.006071": {"GPUs": 1, "CPUs": 1}, "1657364588.505428": {"GPUs": 1, "CPUs": 1}, "1657364589.005419": {"GPUs": 1, "CPUs": 1}, "1657364589.505407": {"GPUs": 1, "CPUs": 1}, "1657364595.006916": {"GPUs": 1, "CPUs": 1}, "1657364595.50542": {"GPUs": 1, "CPUs": 1}, "1657364596.005404": {"GPUs": 1, "CPUs": 1}, "1657364596.505433": {"GPUs": 1, "CPUs": 1}, "1657364612.005397": {"GPUs": 1, "CPUs": 1}, "1657364612.50572": {"GPUs": 1, "CPUs": 2}, "1657364613.00542": {"GPUs": 1, "CPUs": 2}, "1657364613.505419": {"GPUs": 1, "CPUs": 2}, "1657364614.005406": {"GPUs": 1, "CPUs": 2}, "1657364614.505414": {"GPUs": 1, "CPUs": 1}, "1657364615.005423": {"GPUs": 1, "CPUs": 1}, "1657364615.505384": {"GPUs": 1, "CPUs": 2}, "1657364616.005418": {"GPUs": 1, "CPUs": 1}, "1657364623.505438": {"GPUs": 1, "CPUs": 2}, "1657364624.005412": {"GPUs": 1, "CPUs": 2}, "1657364624.505399": {"GPUs": 1, "CPUs": 2}, "1657364625.005787": {"GPUs": 1, "CPUs": 2}, "1657364625.505416": {"GPUs": 1, "CPUs": 2}, "1657364626.006287": {"GPUs": 1, "CPUs": 1}, "1657364629.00542": {"GPUs": 1, "CPUs": 1}, "1657364629.506181": {"GPUs": 1, "CPUs": 1}, "1657364630.005416": {"GPUs": 1, "CPUs": 1}, "1657364630.505872": {"GPUs": 1, "CPUs": 1}, "1657364631.006176": {"GPUs": 1, "CPUs": 1}, "1657364631.50542": {"GPUs": 1, "CPUs": 1}, "1657364632.005416": {"GPUs": 1, "CPUs": 1}, "1657364632.506062": {"GPUs": 1, "CPUs": 1}, "1657364633.005416": {"GPUs": 1, "CPUs": 1}, "1657364633.505424": {"GPUs": 1, "CPUs": 1}, "1657364634.505431": {"GPUs": 1, "CPUs": 2}, "1657364635.005431": {"GPUs": 1, "CPUs": 1}, "1657364645.005416": {"GPUs": 1, "CPUs": 1}, "1657364652.005422": {"GPUs": 1, "CPUs": 2}, "1657364653.005404": {"GPUs": 1, "CPUs": 1}, "1657364653.505446": {"GPUs": 1, "CPUs": 1}, "1657364654.005434": {"GPUs": 1, "CPUs": 1}, "1657364655.005401": {"GPUs": 1, "CPUs": 2}, "1657364655.505423": {"GPUs": 1, "CPUs": 2}, "1657364656.006218": {"GPUs": 1, "CPUs": 2}, "1657364656.505432": {"GPUs": 1, "CPUs": 2}, "1657364657.005391": {"GPUs": 1, "CPUs": 2}, "1657364657.505397": {"GPUs": 1, "CPUs": 2}, "1657364658.005428": {"GPUs": 1, "CPUs": 2}, "1657364658.505648": {"GPUs": 1, "CPUs": 2}, "1657364659.005419": {"GPUs": 1, "CPUs": 1}, "1657364665.506119": {"GPUs": 1, "CPUs": 1}, "1657364666.005429": {"GPUs": 1, "CPUs": 1}, "1657364666.505416": {"GPUs": 1, "CPUs": 1}, "1657364667.005397": {"GPUs": 1, "CPUs": 1}, "1657364667.505425": {"GPUs": 1, "CPUs": 1}, "1657364672.505412": {"GPUs": 1, "CPUs": 1}, "1657364673.005427": {"GPUs": 1, "CPUs": 1}, "1657364673.506147": {"GPUs": 1, "CPUs": 2}, "1657364674.005421": {"GPUs": 1, "CPUs": 2}, "1657364674.505423": {"GPUs": 1, "CPUs": 1}, "1657364679.005452": {"GPUs": 1, "CPUs": 1}, "1657364700.005386": {"GPUs": 1, "CPUs": 1}, "1657364700.50543": {"GPUs": 1, "CPUs": 1}, "1657364701.005383": {"GPUs": 1, "CPUs": 1}, "1657364701.505419": {"GPUs": 1, "CPUs": 1}, "1657364702.005403": {"GPUs": 1, "CPUs": 3}, "1657364702.505418": {"GPUs": 1, "CPUs": 3}, "1657364703.005843": {"GPUs": 1, "CPUs": 2}, "1657364703.505451": {"GPUs": 1, "CPUs": 1}, "1657364704.005407": {"GPUs": 1, "CPUs": 1}, "1657364704.505417": {"GPUs": 1, "CPUs": 2}, "1657364705.005402": {"GPUs": 1, "CPUs": 2}, "1657364705.505407": {"GPUs": 1, "CPUs": 2}, "1657364706.005414": {"GPUs": 1, "CPUs": 2}, "1657364706.505407": {"GPUs": 1, "CPUs": 2}, "1657364707.005434": {"GPUs": 1, "CPUs": 2}, "1657364707.5054": {"GPUs": 1, "CPUs": 2}, "1657364708.005436": {"GPUs": 1, "CPUs": 2}, "1657364708.505406": {"GPUs": 1, "CPUs": 2}, "1657364709.005416": {"GPUs": 1, "CPUs": 2}, "1657364713.005588": {"GPUs": 1, "CPUs": 1}}}, "Datapoints": 1009, "RuleParameters": "threshold:50\nio_threshold:50\ngpu_threshold:10\npatience:1000"}