{"RuleTriggered": 0, "Violations": 0, "Details": {"ratio": {"gpu_functions-dev:0": 51.497591605481574, "cpu_functions": 48.502408394518426}, "phase": {"Step:ModeKeys.TRAIN": 34.48619113381941, "others": 65.12532014089581, "Step:ModeKeys.EVAL": 0.38848872528477396}, "phase_time": {}, "CPU": {"aten::conv2d": 20.06701731644523, "aten::convolution": 19.985696765271634, "aten::_convolution": 19.942413801478317, "aten::cudnn_convolution": 19.923679658411906, "aten::linear": 3.3807633200308143, "aten::addmm": 3.359726720709577, "enumerate(DataLoader)#_SingleProcessDataLoaderIter.__next__": 13.340702417652524}, "CPU_total": {"aten::conv2d": 8741629, "aten::convolution": 8706204, "aten::_convolution": 8687349, "aten::cudnn_convolution": 8679188, "aten::linear": 1472734, "aten::addmm": 1463570, "enumerate(DataLoader)#_SingleProcessDataLoaderIter.__next__": 5811500}, "GPU": {"aten::conv2d": 20.353247667047146, "aten::convolution": 20.34938334792189, "aten::_convolution": 20.34563586711286, "aten::cudnn_convolution": 20.340484162836695, "aten::linear": 3.0183880791164164, "aten::addmm": 3.018061364565513, "enumerate(DataLoader)#_SingleProcessDataLoaderIter.__next__": 12.574799511399467}, "GPU_total": {"aten::conv2d": 9406806, "aten::convolution": 9405020, "aten::_convolution": 9403288, "aten::cudnn_convolution": 9400907, "aten::linear": 1395030, "aten::addmm": 1394879, "enumerate(DataLoader)#_SingleProcessDataLoaderIter.__next__": 5811785}, "general": {"DataLoaderIterInitialize": 0.009979578268954924, "DataLoaderIter": 12.091743252479596, "Forward": 87.89827716925144}}, "Datapoints": 0, "RuleParameters": ""}