{"RuleTriggered": 0, "Violations": 0, "Details": {"step_details": {"algo-1-26": {"step_stats": {"mean": 0.16629250396825396, "max": 10.270043, "p99": 2.41988812, "p95": 0.04111319999999998, "p50": 0.029684, "min": 0.024661}, "number_of_outliers": 1, "phase": "Step:ModeKeys.TRAIN", "stddev": 0.78, "probs": [240, 0, 0, 0, 0, 0, 0, 0, 0, 0, 0, 0, 0, 0, 0, 0, 0, 0, 0, 0, 0, 0, 0, 0, 0, 0, 0, 0, 0, 0, 0, 0, 0, 0, 0, 0, 0, 0, 0, 0, 0, 0, 0, 0, 1, 0, 0, 0, 0, 0, 0, 0, 0, 0, 0, 0, 0, 0, 0, 0, 0, 0, 0, 0, 0, 0, 0, 0, 0, 0, 0, 0, 0, 0, 0, 0, 0, 0, 0, 0, 0, 0, 0, 0, 0, 0, 0, 1, 0, 0, 3, 0, 1, 1, 0, 1, 0, 1, 1, 1], "binedges": [0.024661, 0.04916004, 0.07365908, 0.09815812, 0.12265716, 0.1471562, 0.17165524, 0.19615428, 0.22065332, 0.24515235999999999, 0.2696514, 0.29415043999999996, 0.31864948, 0.34314852, 0.36764756, 0.39214659999999996, 0.41664564, 0.44114468, 0.46564372, 0.49014275999999996, 0.5146418, 0.5391408400000001, 0.56363988, 0.58813892, 0.61263796, 0.6371370000000001, 0.6616360400000001, 0.68613508, 0.71063412, 0.7351331600000001, 0.7596322, 0.78413124, 0.80863028, 0.8331293200000001, 0.8576283600000001, 0.8821274, 0.90662644, 0.9311254800000001, 0.95562452, 0.98012356, 1.0046226, 1.02912164, 1.05362068, 1.0781197200000001, 1.10261876, 1.1271178, 1.15161684, 1.17611588, 1.20061492, 1.22511396, 1.249613, 1.2741120400000001, 1.2986110800000001, 1.32311012, 1.34760916, 1.3721082, 1.39660724, 1.42110628, 1.44560532, 1.47010436, 1.4946034, 1.51910244, 1.54360148, 1.56810052, 1.59259956, 1.6170986, 1.64159764, 1.66609668, 1.6905957200000001, 1.71509476, 1.7395938, 1.76409284, 1.78859188, 1.81309092, 1.83758996, 1.862089, 1.88658804, 1.91108708, 1.93558612, 1.96008516, 1.9845842, 2.00908324, 2.03358228, 2.05808132, 2.08258036, 2.1070794, 2.13157844, 2.15607748, 2.18057652, 2.20507556, 2.2295746, 2.25407364, 2.27857268, 2.30307172, 2.32757076, 2.3520698, 2.37656884, 2.40106788, 2.42556692, 2.45006596, 2.474565], "step_numbers": ["0"]}}}, "Datapoints": 269, "RuleParameters": "threshold:3\nmode:None\nn_outliers:10\nstddev:3"}